timestamp,videoId,title,views,time_diff_hours,views_diff,view_per_hour,roll24,roll7,rolling_base,spike_strength,version
2026-10-01 00:02:00,SnZvS3f5IrA,ヤラララ／Cover - KOMAINU.,3109549,1.05,747.0,711.4285714285714,559.3561111544534,635.9742724627415,559.3561111544534,1.2718705619578483,KOMAINU
2026-10-01 00:02:00,T24rF_x0TmQ,[MV] ABM - 'ヤラララ' (YARARARA) feat. 重音テト,59202913,1.05,12764.0,12156.190476190475,9023.95354616144,9574.944879886254,9023.95354616144,1.3471025104469212,ABM
2026-10-01 00:02:00,pRy8kStWlAw,'ヤラララ' (YARARARA) ／Cover -しゆん×ばぁう,1701409,1.05,278.0,264.7619047619048,188.99193773546733,256.2074803033403,188.99193773546733,1.4009163985211524,ShiyunBaau
2026-10-01 00:02:00,xJQ6KrmdpD0,【以心伝心】新人歌い手グループが『ヤラララ』を本気で歌ってみたら...【EL6】,2721328,1.05,2476.0,2358.095238095238,1633.796607957713,2350.284647066769,1633.796607957713,1.4433223980327128,EL6
2026-10-01 01:01:00,SnZvS3f5IrA,ヤラララ／Cover - KOMAINU.,3110271,0.9833333333333332,722.0,734.2372881355933,563.182090114126,670.5505436491823,563.182090114126,1.303729825617863,KOMAINU
2026-10-01 01:01:00,T24rF_x0TmQ,[MV] ABM - 'ヤラララ' (YARARARA) feat. 重音テト,59215287,0.9833333333333332,12374.0,12583.728813559324,9116.034200749402,10284.484831460102,9116.034200749402,1.380395085894352,ABM
2026-10-01 01:01:00,pRy8kStWlAw,'ヤラララ' (YARARARA) ／Cover -しゆん×ばぁう,1701641,0.9833333333333332,232.0,235.93220338983053,189.1672737962505,262.0186183178681,189.1672737962505,1.2472146934038384,ShiyunBaau
2026-10-01 01:01:00,xJQ6KrmdpD0,【以心伝心】新人歌い手グループが『ヤラララ』を本気で歌ってみたら...【EL6】,2723611,0.9833333333333332,2283.0,2321.694915254237,1627.5597581622717,2431.059465468706,1627.5597581622717,1.426488277072994,EL6
2026-10-01 01:58:00,SnZvS3f5IrA,ヤラララ／Cover - KOMAINU.,3110900,0.95,629.0,662.1052631578948,567.1390170358768,669.4948835877713,567.1390170358768,1.167447915360072,KOMAINU
2026-10-01 01:58:00,T24rF_x0TmQ,[MV] ABM - 'ヤラララ' (YARARARA) feat. 重音テト,59224894,0.95,9607.0,10112.631578947368,9155.898095877325,10263.003174896012,9155.898095877325,1.1044936797080387,ABM
2026-10-01 01:58:00,pRy8kStWlAw,'ヤラララ' (YARARARA) ／Cover -しゆん×ばぁう,1701856,0.95,215.0,226.31578947368425,190.65321442334783,257.55576471234514,190.65321442334783,1.1870546749405817,ShiyunBaau
2026-10-01 01:58:00,xJQ6KrmdpD0,【以心伝心】新人歌い手グループが『ヤラララ』を本気で歌ってみたら...【EL6】,2725328,0.95,1717.0,1807.368421052632,1634.7521046778863,2353.098084916697,1634.7521046778863,1.1055917382707747,EL6
2026-10-01 02:57:00,SnZvS3f5IrA,ヤラララ／Cover - KOMAINU.,3111560,0.9833333333333332,660.0,671.1864406779662,563.9064746629955,656.5079427708778,563.9064746629955,1.1902442529660329,KOMAINU
2026-10-01 02:57:00,T24rF_x0TmQ,[MV] ABM - 'ヤラララ' (YARARARA) feat. 重音テト,59236429,0.9833333333333332,11535.0,11730.508474576272,9160.638434860371,10377.472471922963,9160.638434860371,1.2805339450945237,ABM
2026-10-01 02:57:00,pRy8kStWlAw,'ヤラララ' (YARARARA) ／Cover -しゆん×ばぁう,1702122,0.9833333333333332,266.0,270.5084745762712,190.3135534063987,254.3611273130676,190.3135534063987,1.4213831318604144,ShiyunBaau
2026-10-01 02:57:00,xJQ6KrmdpD0,【以心伝心】新人歌い手グループが『ヤラララ』を本気で歌ってみたら...【EL6】,2727156,0.9833333333333332,1828.0,1858.9830508474577,1634.6314267117843,2267.1512941414817,1634.6314267117843,1.1372490583929231,EL6
2026-10-01 04:01:00,SnZvS3f5IrA,ヤラララ／Cover - KOMAINU.,3112131,1.0666666666666669,571.0,535.3125,557.6239319406203,689.2740592926255,557.6239319406203,0.959988388835872,KOMAINU
2026-10-01 04:01:00,T24rF_x0TmQ,[MV] ABM - 'ヤラララ' (YARARARA) feat. 重音テト,59246919,1.0666666666666669,10490.0,9834.375,9139.347327979554,11186.104435224306,9139.347327979554,1.0760478453305589,ABM
2026-10-01 04:01:00,pRy8kStWlAw,'ヤラララ' (YARARARA) ／Cover -しゆん×ばぁう,1702296,1.0666666666666669,174.0,163.125,191.12349313166533,249.64607044011595,191.12349313166533,0.8535057481793873,ShiyunBaau
2026-10-01 04:01:00,xJQ6KrmdpD0,【以心伝心】新人歌い手グループが『ヤラララ』を本気で歌ってみたら...【EL6】,2728518,1.0666666666666669,1362.0,1276.875,1630.7358611581087,2189.426236888085,1630.7358611581087,0.7830054090385886,EL6
2026-10-01 04:56:00,SnZvS3f5IrA,ヤラララ／Cover - KOMAINU.,3112514,0.9166666666666666,383.0,417.8181818181818,552.0317019357227,655.3420746083199,552.0317019357227,0.7568735280113162,KOMAINU
2026-10-01 04:56:00,T24rF_x0TmQ,[MV] ABM - 'ヤラララ' (YARARARA) feat. 重音テト,59254647,0.9166666666666666,7728.0,8430.545454545454,9110.99525304219,10841.659562639448,9110.99525304219,0.9253155358335268,ABM
2026-10-01 04:56:00,pRy8kStWlAw,'ヤラララ' (YARARARA) ／Cover -しゆん×ばぁう,1702409,0.9166666666666666,113.0,123.27272727272728,188.4094624973078,233.8494025441924,188.4094624973078,0.6542809773924637,ShiyunBaau
2026-10-01 04:56:00,xJQ6KrmdpD0,【以心伝心】新人歌い手グループが『ヤラララ』を本気で歌ってみたら...【EL6】,2729324,0.9166666666666666,806.0,879.2727272727273,1600.6773358026935,2025.6570481861656,1600.6773358026935,0.5493129112319175,EL6
2026-10-01 05:56:00,SnZvS3f5IrA,ヤラララ／Cover - KOMAINU.,3112846,1.0,332.0,332.0,544.7890622029159,608.4574592237045,544.7890622029159,0.6094101791572698,KOMAINU
2026-10-01 05:56:00,T24rF_x0TmQ,[MV] ABM - 'ヤラララ' (YARARARA) feat. 重音テト,59263219,1.0,8572.0,8572.0,9069.619714321052,10668.390331870218,9069.619714321052,0.9451333429630678,ABM
2026-10-01 05:56:00,pRy8kStWlAw,'ヤラララ' (YARARARA) ／Cover -しゆん×ばぁう,1702511,1.0,102.0,102.0,188.83247511987,215.56094100573085,188.83247511987,0.5401613251918181,ShiyunBaau
2026-10-01 05:56:00,xJQ6KrmdpD0,【以心伝心】新人歌い手グループが『ヤラララ』を本気で歌ってみたら...【EL6】,2729984,1.0,660.0,660.0,1620.9651529066875,1780.4647404938578,1620.9651529066875,0.4071648294329456,EL6
2026-10-01 06:58:00,SnZvS3f5IrA,ヤラララ／Cover - KOMAINU.,3113868,1.0333333333333334,1022.0,989.032258064516,567.9570729556041,631.6400629103405,567.9570729556041,1.7413855820434978,KOMAINU
2026-10-01 06:58:00,T24rF_x0TmQ,[MV] ABM - 'ヤラララ' (YARARARA) feat. 重音テト,59276397,1.0333333333333334,13178.0,12752.90322580645,9257.032348729654,10771.610377953168,9257.032348729654,1.3776448807113153,ABM
2026-10-01 06:58:00,pRy8kStWlAw,'ヤラララ' (YARARARA) ／Cover -しゆん×ばぁう,1702676,1.0333333333333334,165.0,159.6774193548387,191.4857009263216,193.1991898536571,191.4857009263216,0.8338869094788345,ShiyunBaau
2026-10-01 06:58:00,xJQ6KrmdpD0,【以心伝心】新人歌い手グループが『ヤラララ』を本気で歌ってみたら...【EL6】,2730878,1.0333333333333334,894.0,865.1612903225806,1633.8468733367952,1503.4313303556091,1633.8468733367952,0.5295240970505805,EL6
2026-10-01 07:57:00,SnZvS3f5IrA,ヤラララ／Cover - KOMAINU.,3114308,0.9833333333333332,440.0,447.4576271186441,572.3214797352651,598.6436948715996,572.3214797352651,0.7818291693780592,KOMAINU
2026-10-01 07:57:00,T24rF_x0TmQ,[MV] ABM - 'ヤラララ' (YARARARA) feat. 重音テト,59286459,0.9833333333333332,10062.0,10232.542372881357,9360.252687712706,10531.154365039529,9360.252687712706,1.0931908266016914,ABM
2026-10-01 07:57:00,pRy8kStWlAw,'ヤラララ' (YARARARA) ／Cover -しゆん×ばぁう,1702776,0.9833333333333332,100.0,101.69491525423727,192.29078567208435,172.81581616519867,192.29078567208435,0.5288600537919627,ShiyunBaau
2026-10-01 07:57:00,xJQ6KrmdpD0,【以心伝心】新人歌い手グループが『ヤラララ』を本気で歌ってみたら...【EL6】,2731555,0.9833333333333332,677.0,688.4745762711865,1637.745178421541,1294.7287476276026,1637.745178421541,0.4203795470396307,EL6
2026-10-01 08:57:00,SnZvS3f5IrA,ヤラララ／Cover - KOMAINU.,3114749,1.0,441.0,441.0,575.1548130685985,561.9890338546504,575.1548130685985,0.766750081855617,KOMAINU
2026-10-01 08:57:00,T24rF_x0TmQ,[MV] ABM - 'ヤラララ' (YARARARA) feat. 重音テト,59294887,1.0,8428.0,8428.0,9400.08602104604,10011.688263344611,9400.08602104604,0.8965875398512719,ABM
2026-10-01 08:57:00,pRy8kStWlAw,'ヤラララ' (YARARARA) ／Cover -しゆん×ばぁう,1702919,1.0,143.0,143.0,194.45745233875093,161.19929074146984,194.45745233875093,0.7353793762086809,ShiyunBaau
2026-10-01 08:57:00,xJQ6KrmdpD0,【以心伝心】新人歌い手グループが『ヤラララ』を本気で歌ってみたら...【EL6】,2732646,1.0,1091.0,1091.0,1642.495178421541,1140.891883220823,1642.495178421541,0.6642333045071495,EL6
2026-10-01 10:02:00,SnZvS3f5IrA,ヤラララ／Cover - KOMAINU.,3115418,1.0833333333333333,669.0,617.5384615384615,578.1990151351886,540.0227183628291,578.1990151351886,1.0680378993625146,KOMAINU
2026-10-01 10:02:00,T24rF_x0TmQ,[MV] ABM - 'ヤラララ' (YARARARA) feat. 重音テト,59305468,1.0833333333333333,10581.0,9767.076923076924,9407.19681323892,9716.777568044312,9407.19681323892,1.0382558287003774,ABM
2026-10-01 10:02:00,pRy8kStWlAw,'ヤラララ' (YARARARA) ／Cover -しゆん×ばぁう,1703167,1.0833333333333333,248.0,228.92307692307693,195.0780034294513,145.95616268641146,195.0780034294513,1.173495078371896,ShiyunBaau
2026-10-01 10:02:00,xJQ6KrmdpD0,【以心伝心】新人歌い手グループが『ヤラララ』を本気で歌ってみたら...【EL6】,2735379,1.0833333333333333,2733.0,2522.769230769231,1667.6105630369254,1140.5075463765322,1667.6105630369254,1.5128047798971456,EL6
2026-10-01 10:57:00,SnZvS3f5IrA,ヤラララ／Cover - KOMAINU.,3115994,0.9166666666666666,576.0,628.3636363636364,580.2055999843265,551.06533311293,580.2055999843265,1.0830016745453868,KOMAINU
2026-10-01 10:57:00,T24rF_x0TmQ,[MV] ABM - 'ヤラララ' (YARARARA) feat. 重音テト,59315599,0.9166666666666666,10131.0,11052.0,9472.988940709363,9883.680372038772,9472.988940709363,1.1666856225815878,ABM
2026-10-01 10:57:00,pRy8kStWlAw,'ヤラララ' (YARARARA) ／Cover -しゆん×ばぁう,1703355,0.9166666666666666,188.0,205.0909090909091,195.4785196559096,153.34800598697365,195.4785196559096,1.0491736353023322,ShiyunBaau
2026-10-01 10:57:00,xJQ6KrmdpD0,【以心伝心】新人歌い手グループが『ヤラララ』を本気で歌ってみたら...【EL6】,2737273,0.9166666666666666,1894.0,2066.1818181818185,1683.553413242721,1256.216830352193,1683.553413242721,1.2272742889707968,EL6
2026-10-01 11:59:00,SnZvS3f5IrA,ヤラララ／Cover - KOMAINU.,3116501,1.0333333333333334,507.0,490.6451612903225,581.6380923578565,563.7195920536543,581.6380923578565,0.8435574762673039,KOMAINU
2026-10-01 11:59:00,T24rF_x0TmQ,[MV] ABM - 'ヤラララ' (YARARARA) feat. 重音テト,59325345,1.0333333333333334,9746.0,9431.612903225803,9534.759830695766,10033.733632141506,9534.759830695766,0.9891820109471564,ABM
2026-10-01 11:59:00,pRy8kStWlAw,'ヤラララ' (YARARARA) ／Cover -しゆん×ばぁう,1703531,1.0333333333333334,176.0,170.32258064516128,198.40031691421697,158.67270018117478,198.40031691421697,0.8584793779276282,ShiyunBaau
2026-10-01 11:59:00,xJQ6KrmdpD0,【以心伝心】新人歌い手グループが『ヤラララ』を本気で歌ってみたら...【EL6】,2738693,1.0333333333333334,1420.0,1374.1935483870966,1691.3915887020748,1323.968637704559,1691.3915887020748,0.8124632743631018,EL6
2026-10-01 12:59:00,SnZvS3f5IrA,ヤラララ／Cover - KOMAINU.,3116942,1.0,441.0,441.0,578.332764489004,579.2910206250829,578.332764489004,0.7625367730802062,KOMAINU
2026-10-01 12:59:00,T24rF_x0TmQ,[MV] ABM - 'ヤラララ' (YARARARA) feat. 重音テト,59334025,1.0,8680.0,8680.0,9550.196989165712,10049.162203570077,9550.196989165712,0.9088817759305998,ABM
2026-10-01 12:59:00,pRy8kStWlAw,'ヤラララ' (YARARARA) ／Cover -しゆん×ばぁう,1703674,1.0,143.0,143.0,197.0635682803372,164.52984303831764,197.0635682803372,0.7256541696056784,ShiyunBaau
2026-10-01 12:59:00,xJQ6KrmdpD0,【以心伝心】新人歌い手グループが『ヤラララ』を本気で歌ってみたら...【EL6】,2739959,1.0,1266.0,1266.0,1682.9120805053535,1410.5400662759876,1682.9120805053535,0.7522674622549735,EL6
2026-10-01 13:59:00,SnZvS3f5IrA,ヤラララ／Cover - KOMAINU.,3117426,1.0,484.0,484.0,577.832764489004,507.1435551872949,577.832764489004,0.837612592681581,KOMAINU
2026-10-01 13:59:00,T24rF_x0TmQ,[MV] ABM - 'ヤラララ' (YARARARA) feat. 重音テト,59342640,1.0,8615.0,8615.0,9599.488655832378,9458.033171312012,9599.488655832378,0.897443635684258,ABM
2026-10-01 13:59:00,pRy8kStWlAw,'ヤラララ' (YARARARA) ／Cover -しゆん×ばぁう,1703837,1.0,163.0,163.0,197.9385682803372,165.0044974161978,197.9385682803372,0.8234878195599846,ShiyunBaau
2026-10-01 13:59:00,xJQ6KrmdpD0,【以心伝心】新人歌い手グループが『ヤラララ』を本気で歌ってみたら...【EL6】,2741219,1.0,1260.0,1260.0,1686.7454138386868,1466.9455962299048,1686.7454138386868,0.7470006971191333,EL6
2026-10-01 15:00:00,SnZvS3f5IrA,ヤラララ／Cover - KOMAINU.,3117804,1.0166666666666666,378.0,371.8032786885246,571.7412344343593,496.3357911258493,571.7412344343593,0.65029991943184,KOMAINU
2026-10-01 15:00:00,T24rF_x0TmQ,[MV] ABM - 'ヤラララ' (YARARARA) feat. 重音テト,59349066,1.0166666666666666,6426.0,6320.655737704919,9540.974311570082,8899.192223429663,9540.974311570082,0.6624748721983278,ABM
2026-10-01 15:00:00,pRy8kStWlAw,'ヤラララ' (YARARARA) ／Cover -しゆん×ばぁう,1703956,1.0166666666666666,119.0,117.04918032786884,196.02395079399835,167.197963855288,196.02395079399835,0.5971167291229421,ShiyunBaau
2026-10-01 15:00:00,xJQ6KrmdpD0,【以心伝心】新人歌い手グループが『ヤラララ』を本気で歌ってみたら...【EL6】,2742370,1.0166666666666666,1151.0,1132.1311475409836,1675.625878319561,1530.3251064113044,1675.625878319561,0.675646731283696,EL6
2026-10-01 16:02:00,SnZvS3f5IrA,ヤラララ／Cover - KOMAINU.,3118300,1.0333333333333334,496.0,480.0,571.7015518946768,501.90721969727787,571.7015518946768,0.8395989103217079,KOMAINU
2026-10-01 16:02:00,T24rF_x0TmQ,[MV] ABM - 'ヤラララ' (YARARARA) feat. 重音テト,59356731,1.0333333333333334,7665.0,7417.74193548387,9525.72149538985,8754.869642784503,9525.72149538985,0.7787065724180394,ABM
2026-10-01 16:02:00,pRy8kStWlAw,'ヤラララ' (YARARARA) ／Cover -しゆん×ばぁう,1704097,1.0333333333333334,141.0,136.4516129032258,194.8443552998868,166.2624799843203,194.8443552998868,0.7003108337073037,ShiyunBaau
2026-10-01 16:02:00,xJQ6KrmdpD0,【以心伝心】新人歌い手グループが『ヤラララ』を本気で歌ってみたら...【EL6】,2743593,1.0333333333333334,1223.0,1183.548387096774,1670.0197595279585,1543.5463045679862,1670.0197595279585,0.7087032236261154,EL6
2026-10-01 17:59:00,SnZvS3f5IrA,ヤラララ／Cover - KOMAINU.,3119246,1.95,946.0,485.12820512820514,573.4019486691577,458.7627741845087,573.4019486691577,0.8460525923467259,KOMAINU
2026-10-01 17:59:00,T24rF_x0TmQ,[MV] ABM - 'ヤラララ' (YARARARA) feat. 重音テト,59370611,1.95,13880.0,7117.948717948718,9586.38852801817,7930.493215727219,9586.38852801817,0.7425057619086756,ABM
2026-10-01 17:59:00,pRy8kStWlAw,'ヤラララ' (YARARARA) ／Cover -しゆん×ばぁう,1704489,1.95,392.0,201.02564102564105,195.15598500316165,155.14150248364948,195.15598500316165,1.0300767410355582,ShiyunBaau
2026-10-01 17:59:00,xJQ6KrmdpD0,【以心伝心】新人歌い手グループが『ヤラララ』を本気で歌ってみたら...【EL6】,2746437,1.95,2844.0,1458.4615384615386,1669.9059562819552,1279.055770247732,1669.9059562819552,0.8733794456957339,EL6
2026-10-01 18:59:00,SnZvS3f5IrA,ヤラララ／Cover - KOMAINU.,3120018,1.0,772.0,772.0,573.2679500946745,505.65524730278827,573.2679500946745,1.346665202323809,KOMAINU
2026-10-01 18:59:00,T24rF_x0TmQ,[MV] ABM - 'ヤラララ' (YARARARA) feat. 重音テト,59381925,1.0,11314.0,11314.0,9608.094871567704,8244.224398522918,9608.094871567704,1.1775487389784642,ABM
2026-10-01 18:59:00,pRy8kStWlAw,'ヤラララ' (YARARARA) ／Cover -しゆん×ばぁう,1704821,1.0,332.0,332.0,196.71835136096635,182.08773904278928,196.71835136096635,1.6876920617883786,ShiyunBaau
2026-10-01 18:59:00,xJQ6KrmdpD0,【以心伝心】新人歌い手グループが『ヤラララ』を本気で歌ってみたら...【EL6】,2749334,1.0,2897.0,2897.0,1685.1425920624256,1532.8568455165494,1685.1425920624256,1.7191423524904186,EL6
2026-10-01 19:58:00,SnZvS3f5IrA,ヤラララ／Cover - KOMAINU.,3120636,0.9833333333333332,618.0,628.4745762711865,581.1382522317416,523.2008657268452,581.1382522317416,1.081454497028305,KOMAINU
2026-10-01 19:58:00,T24rF_x0TmQ,[MV] ABM - 'ヤラララ' (YARARARA) feat. 重音テト,59390621,0.9833333333333332,8696.0,8843.389830508475,9704.528180337047,8329.81946023514,9704.528180337047,0.9112642743854996,ABM
2026-10-01 19:58:00,pRy8kStWlAw,'ヤラララ' (YARARARA) ／Cover -しゆん×ばぁう,1705062,0.9833333333333332,241.0,245.0847457627119,198.2658826800526,191.0873114313497,198.2658826800526,1.2361418033692273,ShiyunBaau
2026-10-01 19:58:00,xJQ6KrmdpD0,【以心伝心】新人歌い手グループが『ヤラララ』を本気で歌ってみたら...【EL6】,2751643,0.9833333333333332,2309.0,2348.135593220339,1703.4918919887334,1649.325238045662,1703.4918919887334,1.3784248720309549,EL6
2026-10-01 20:59:00,SnZvS3f5IrA,ヤラララ／Cover - KOMAINU.,3121240,1.0166666666666666,604.0,594.0983606557378,584.5773113906868,555.250736790609,584.5773113906868,1.0162870660210894,KOMAINU
2026-10-01 20:59:00,T24rF_x0TmQ,[MV] ABM - 'ヤラララ' (YARARARA) feat. 重音テト,59399406,1.0166666666666666,8785.0,8640.983606557378,9735.614424100411,8275.786638033895,9735.614424100411,0.8875642799869634,ABM
2026-10-01 20:59:00,pRy8kStWlAw,'ヤラララ' (YARARARA) ／Cover -しゆん×ばぁう,1705325,1.0166666666666666,263.0,258.6885245901639,199.03494896658148,215.0499507682686,199.03494896658148,1.29971407500699,ShiyunBaau
2026-10-01 20:59:00,xJQ6KrmdpD0,【以心伝心】新人歌い手グループが『ヤラララ』を本気で歌ってみたら...【EL6】,2754069,1.0166666666666666,2426.0,2386.2295081967213,1713.241001040765,1900.917695752726,1713.241001040765,1.3928160175638613,EL6
2026-10-01 22:02:00,SnZvS3f5IrA,ヤラララ／Cover - KOMAINU.,3121965,1.05,725.0,690.4761904761905,588.989764685916,608.36288875522,588.989764685916,1.1723059242708451,KOMAINU
2026-10-01 22:02:00,T24rF_x0TmQ,[MV] ABM - 'ヤラララ' (YARARARA) feat. 重音テト,59412131,1.05,12725.0,12119.047619047618,9834.924140556546,9242.185284924344,9834.924140556546,1.2322461714851434,ABM
2026-10-01 22:02:00,pRy8kStWlAw,'ヤラララ' (YARARARA) ／Cover -しゆん×ばぁう,1705641,1.05,316.0,300.95238095238096,203.28150863265645,245.70048420568727,203.28150863265645,1.480471012718734,ShiyunBaau
2026-10-01 22:02:00,xJQ6KrmdpD0,【以心伝心】新人歌い手グループが『ヤラララ』を本気で歌ってみたら...【EL6】,2757175,1.05,3106.0,2958.095238095238,1765.1099275847012,2205.245044178435,1765.1099275847012,1.6758702627337017,EL6
2026-10-01 23:00:00,SnZvS3f5IrA,ヤラララ／Cover - KOMAINU.,3122618,0.9666666666666668,653.0,675.5172413793103,578.2879670518671,617.9563677015186,578.2879670518671,1.1681329715766378,KOMAINU
2026-10-01 23:00:00,T24rF_x0TmQ,[MV] ABM - 'ヤラララ' (YARARARA) feat. 重音テト,59423958,0.9666666666666668,11827.0,12234.827586206897,9842.943924185534,9669.705613678994,9842.943924185534,1.2430049058944812,ABM
2026-10-01 23:00:00,pRy8kStWlAw,'ヤラララ' (YARARARA) ／Cover -しゆん×ばぁう,1705894,0.9666666666666668,253.0,261.7241379310345,197.98266192328992,247.98957759502247,197.98266192328992,1.321954838815339,ShiyunBaau
2026-10-01 23:00:00,xJQ6KrmdpD0,【以心伝心】新人歌い手グループが『ヤラララ』を本気で歌ってみたら...【EL6】,2759942,0.9666666666666668,2767.0,2862.4137931034484,1718.3515227030107,2299.1262940248657,1718.3515227030107,1.665790587830829,EL6
2026-10-01 23:59:00,SnZvS3f5IrA,ヤラララ／Cover - KOMAINU.,3123304,0.9833333333333332,686.0,697.6271186440679,583.2604317015422,649.0459560792426,583.2604317015422,1.196081682772281,KOMAINU
2026-10-01 23:59:00,T24rF_x0TmQ,[MV] ABM - 'ヤラララ' (YARARARA) feat. 重音テト,59434652,0.9833333333333332,10694.0,10875.254237288136,9885.956853898142,10163.635942508176,9885.956853898142,1.1000709792699432,ABM
2026-10-01 23:59:00,pRy8kStWlAw,'ヤラララ' (YARARARA) ／Cover -しゆん×ばぁう,1706175,0.9833333333333332,281.0,285.7627118644068,201.6401640041698,269.319734589477,201.6401640041698,1.4171914274900976,ShiyunBaau
2026-10-01 23:59:00,xJQ6KrmdpD0,【以心伝心】新人歌い手グループが『ヤラララ』を本気で歌ってみたら...【EL6】,2762024,0.9833333333333332,2082.0,2117.2881355932204,1734.973881573436,2432.517686667215,1734.973881573436,1.220357354125162,EL6
2026-10-02 00:59:00,SnZvS3f5IrA,ヤラララ／Cover - KOMAINU.,3124161,1.0,857.0,857.0,589.3259078920183,702.1704982037847,589.3259078920183,1.4542038429388504,KOMAINU
2026-10-02 00:59:00,T24rF_x0TmQ,[MV] ABM - 'ヤラララ' (YARARARA) feat. 重音テト,59447841,1.0,13189.0,13189.0,9928.990584056874,11030.928982801215,9928.990584056874,1.328332410867402,ABM
2026-10-02 00:59:00,pRy8kStWlAw,'ヤラララ' (YARARARA) ／Cover -しゆん×ばぁう,1706511,1.0,336.0,336.0,204.60841797242367,288.6017858715283,204.60841797242367,1.6421611746457303,ShiyunBaau
2026-10-02 00:59:00,xJQ6KrmdpD0,【以心伝心】新人歌い手グループが『ヤラララ』を本気で歌ってみたら...【EL6】,2764667,1.0,2643.0,2643.0,1746.844913319468,2601.737466886995,1746.844913319468,1.5130135364893955,EL6
2026-10-02 01:59:00,SnZvS3f5IrA,ヤラララ／Cover - KOMAINU.,3124808,1.0,647.0,647.0,582.368662526737,684.313355346642,582.368662526737,1.1109801087044169,KOMAINU
2026-10-02 01:59:00,T24rF_x0TmQ,[MV] ABM - 'ヤラララ' (YARARARA) feat. 重音テト,59459226,1.0,11385.0,11385.0,9868.88754890688,11041.071839944072,9868.88754890688,1.1536254662523793,ABM
2026-10-02 01:59:00,pRy8kStWlAw,'ヤラララ' (YARARARA) ／Cover -しゆん×ばぁう,1706749,1.0,238.0,238.0,203.7545234119416,275.17321444295686,203.7545234119416,1.1680722273773647,ShiyunBaau
2026-10-02 01:59:00,xJQ6KrmdpD0,【以心伝心】新人歌い手グループが『ヤラララ』を本気で歌ってみたら...【EL6】,2766308,1.0,1641.0,1641.0,1714.618025363494,2422.308895458424,1714.618025363494,0.957064474842502,EL6
2026-10-02 02:59:00,SnZvS3f5IrA,ヤラララ／Cover - KOMAINU.,3125461,1.0,653.0,653.0,581.5779477146515,687.8169873079011,581.5779477146515,1.122807359814804,KOMAINU
2026-10-02 02:59:00,T24rF_x0TmQ,[MV] ABM - 'ヤラララ' (YARARARA) feat. 重音テト,59470427,1.0,11201.0,11201.0,9845.865441316608,11377.873292728576,9845.865441316608,1.137634885095706,ABM
2026-10-02 02:59:00,pRy8kStWlAw,'ヤラララ' (YARARARA) ／Cover -しゆん×ばぁう,1706942,1.0,193.0,193.0,200.3845897347124,267.7325364768552,200.3845897347124,0.9631479159924984,ShiyunBaau
2026-10-02 02:59:00,xJQ6KrmdpD0,【以心伝心】新人歌い手グループが『ヤラララ』を本気で歌ってみたら...【EL6】,2767862,1.0,1554.0,1554.0,1701.3578927179522,2308.860953569804,1701.3578927179522,0.9133880688192272,EL6
2026-10-02 03:59:00,SnZvS3f5IrA,ヤラララ／Cover - KOMAINU.,3125996,1.0,535.0,535.0,579.6371998932077,679.3743643570813,579.6371998932077,0.9229911401451948,KOMAINU
2026-10-02 03:59:00,T24rF_x0TmQ,[MV] ABM - 'ヤラララ' (YARARARA) feat. 重音テト,59481145,1.0,10718.0,10718.0,9882.20438126175,11674.589920363238,9882.20438126175,1.0845758280736484,ABM
2026-10-02 03:59:00,pRy8kStWlAw,'ヤラララ' (YARARARA) ／Cover -しゆん×ばぁう,1707124,1.0,182.0,182.0,199.61856516243267,256.77703296397465,199.61856516243267,0.9117388447908332,ShiyunBaau
2026-10-02 03:59:00,xJQ6KrmdpD0,【以心伝心】新人歌い手グループが『ヤラララ』を本気で歌ってみたら...【EL6】,2769235,1.0,1373.0,1373.0,1687.6763138547042,2164.1138809702725,1687.6763138547042,0.8135446286284757,EL6
2026-10-02 04:56:00,SnZvS3f5IrA,ヤラララ／Cover - KOMAINU.,3126580,0.95,584.0,614.7368421052632,590.1260416401768,671.294674075604,590.1260416401768,1.0417043118393554,KOMAINU
2026-10-02 04:56:00,T24rF_x0TmQ,[MV] ABM - 'ヤラララ' (YARARARA) feat. 重音テト,59491677,0.95,10532.0,11086.315789473683,9999.75219500914,11601.055654002044,9999.75219500914,1.108659052071995,ABM
2026-10-02 04:56:00,pRy8kStWlAw,'ヤラララ' (YARARARA) ／Cover -しゆん×ばぁう,1707256,0.95,132.0,138.94736842105263,201.8867480455091,242.04832489610936,201.8867480455091,0.6882441258092445,ShiyunBaau
2026-10-02 04:56:00,xJQ6KrmdpD0,【以心伝心】新人歌い手グループが『ヤラララ』を本気で歌ってみたら...【EL6】,2770027,0.95,792.0,833.6842105263158,1703.5551311202823,1997.8101721647777,1703.5551311202823,0.4893790610569046,EL6
2026-10-02 05:57:00,SnZvS3f5IrA,ヤラララ／Cover - KOMAINU.,3126987,1.0166666666666666,407.0,400.3278688524591,593.0968185468055,635.0261338726376,593.0968185468055,0.6749789517221401,KOMAINU
2026-10-02 05:57:00,T24rF_x0TmQ,[MV] ABM - 'ヤラララ' (YARARARA) feat. 重音テト,59499690,1.0166666666666666,8013.0,7881.639344262296,9969.736514324894,11071.379619653875,9969.736514324894,0.7905564337570666,ABM
2026-10-02 05:57:00,pRy8kStWlAw,'ヤラララ' (YARARARA) ／Cover -しゆん×ばぁう,1707374,1.0166666666666666,118.0,116.0655737704918,202.49829473118268,218.9374739983732,202.49829473118268,0.5731681539568979,ShiyunBaau
2026-10-02 05:57:00,xJQ6KrmdpD0,【以心伝心】新人歌い手グループが『ヤラララ』を本気で歌ってみたら...【EL6】,2770557,1.0166666666666666,530.0,521.3114754098361,1697.525195268536,1693.2122018291027,1697.525195268536,0.3071008765365444,EL6
2026-10-02 06:58:00,SnZvS3f5IrA,ヤラララ／Cover - KOMAINU.,3127548,1.0166666666666666,561.0,551.8032786885246,574.0868629217624,619.5618885362893,574.0868629217624,0.9611842986271668,KOMAINU
2026-10-02 06:58:00,T24rF_x0TmQ,[MV] ABM - 'ヤラララ' (YARARARA) feat. 重音テト,59508212,1.0166666666666666,8522.0,8382.295081967213,9779.710073288405,10589.813056623916,9779.710073288405,0.8571107956320719,ABM
2026-10-02 06:58:00,pRy8kStWlAw,'ヤラララ' (YARARARA) ／Cover -しゆん×ばぁう,1707449,1.0166666666666666,75.0,73.77049180327869,198.7632109245931,195.4432682324037,198.7632109245931,0.3711476155980685,ShiyunBaau
2026-10-02 06:58:00,xJQ6KrmdpD0,【以心伝心】新人歌い手グループが『ヤラララ』を本気で歌ってみたら...【EL6】,2771123,1.0166666666666666,566.0,556.7213114754098,1684.1147614056156,1405.0006416255978,1684.1147614056156,0.3305720751540427,EL6
2026-10-02 07:57:00,SnZvS3f5IrA,ヤラララ／Cover - KOMAINU.,3128031,0.9833333333333332,483.0,491.1864406779661,575.9881156852111,593.7568037905265,575.9881156852111,0.8527718320952462,KOMAINU
2026-10-02 07:57:00,T24rF_x0TmQ,[MV] ABM - 'ヤラララ' (YARARARA) feat. 重音テト,59517370,0.9833333333333332,9158.0,9313.220338983052,9739.739550075434,10394.55881933578,9739.739550075434,0.956208355582868,ABM
2026-10-02 07:57:00,pRy8kStWlAw,'ヤラララ' (YARARARA) ／Cover -しゆん×ばぁう,1707559,0.9833333333333332,110.0,111.86440677966102,199.20536273004632,173.70598009681052,199.20536273004632,0.5615531893649589,ShiyunBaau
2026-10-02 07:57:00,xJQ6KrmdpD0,【以心伝心】新人歌い手グループが『ヤラララ』を本気で歌ってみたら...【EL6】,2771725,0.9833333333333332,602.0,612.2033898305085,1680.798622864717,1216.865048405259,1680.798622864717,0.3642336336443936,EL6
2026-10-02 08:56:00,SnZvS3f5IrA,ヤラララ／Cover - KOMAINU.,3128469,0.9833333333333332,438.0,445.42372881355936,570.5479328988923,542.3097698922215,570.5479328988923,0.780694667581056,KOMAINU
2026-10-02 08:56:00,T24rF_x0TmQ,[MV] ABM - 'ヤラララ' (YARARARA) feat. 重音テト,59526990,0.9833333333333332,9620.0,9783.050847457627,9741.544187466356,9968.815175267984,9741.544187466356,1.0042607885559534,ABM
2026-10-02 08:56:00,pRy8kStWlAw,'ヤラララ' (YARARARA) ／Cover -しゆん×ばぁう,1707734,0.9833333333333332,175.0,177.96610169491527,198.3203935202492,153.9517428086749,198.3203935202492,0.8973666224434168,ShiyunBaau
2026-10-02 08:56:00,xJQ6KrmdpD0,【以心伝心】新人歌い手グループが『ヤラララ』を本気で歌ってみたら...【EL6】,2772923,0.9833333333333332,1198.0,1218.3050847457628,1661.5280587764266,1038.778183998479,1661.5280587764266,0.7332437621564696,EL6
2026-10-02 10:01:00,SnZvS3f5IrA,ヤラララ／Cover - KOMAINU.,3129153,1.0833333333333333,684.0,631.3846153846155,578.4806252065846,524.2661106460554,578.4806252065846,1.091453348431744,KOMAINU
2026-10-02 10:01:00,T24rF_x0TmQ,[MV] ABM - 'ヤラララ' (YARARARA) feat. 重音テト,59537830,1.0833333333333333,10840.0,10006.153846153848,9807.300597722768,9595.810749756816,9807.300597722768,1.0202760429793754,ABM
2026-10-02 10:01:00,pRy8kStWlAw,'ヤラララ' (YARARARA) ／Cover -しゆん×ばぁう,1707990,1.0833333333333333,256.0,236.30769230769232,202.20821403306968,148.1316621110131,202.20821403306968,1.168635475258418,ShiyunBaau
2026-10-02 10:01:00,xJQ6KrmdpD0,【以心伝心】新人歌い手グループが『ヤラララ』を本気で歌ってみたら...【EL6】,2775205,1.0833333333333333,2282.0,2106.4615384615386,1703.838956212324,1031.6695729213388,1703.838956212324,1.236303190968385,EL6
2026-10-02 10:58:00,SnZvS3f5IrA,ヤラララ／Cover - KOMAINU.,3129785,0.95,632.0,665.2631578947369,578.3867854326378,541.8907415521406,578.3867854326378,1.1502046288922645,KOMAINU
2026-10-02 10:58:00,T24rF_x0TmQ,[MV] ABM - 'ヤラララ' (YARARARA) feat. 重音テト,59548552,0.95,10722.0,11286.315789473683,9819.23709616275,9807.123879721426,9819.23709616275,1.1494086229860214,ABM
2026-10-02 10:58:00,pRy8kStWlAw,'ヤラララ' (YARARARA) ／Cover -しゆん×ばぁう,1708198,0.95,208.0,218.94736842105263,201.64915300872767,156.98362539976804,201.64915300872767,1.085783724623808,ShiyunBaau
2026-10-02 10:58:00,xJQ6KrmdpD0,【以心伝心】新人歌い手グループが『ヤラララ』を本気で歌ってみたら...【EL6】,2777167,0.95,1962.0,2065.263157894737,1668.1933503495422,1160.8687710430136,1668.1933503495422,1.2380238522482994,EL6
2026-10-02 11:58:00,SnZvS3f5IrA,ヤラララ／Cover - KOMAINU.,3130295,1.0,510.0,510.0,575.5373360396112,527.9127271874088,575.5373360396112,0.8861284369653811,KOMAINU
2026-10-02 11:58:00,T24rF_x0TmQ,[MV] ABM - 'ヤラララ' (YARARARA) feat. 重音テト,59557958,1.0,9406.0,9406.0,9802.018883822637,9436.953606899671,9802.018883822637,0.9595982329236042,ABM
2026-10-02 11:58:00,pRy8kStWlAw,'ヤラララ' (YARARARA) ／Cover -しゆん×ばぁう,1708407,1.0,209.0,209.0,201.9554383000308,163.41737639672738,201.9554383000308,1.0348817628248446,ShiyunBaau
2026-10-02 11:58:00,xJQ6KrmdpD0,【以心伝心】新人歌い手グループが『ヤラララ』を本気で歌ってみたら...【EL6】,2778625,1.0,1458.0,1458.0,1659.4352940849778,1219.7522796882563,1659.4352940849778,0.8786121430567436,EL6
2026-10-02 12:58:00,SnZvS3f5IrA,ヤラララ／Cover - KOMAINU.,3130715,1.0,420.0,420.0,572.5937876525145,530.7230316370575,572.5937876525145,0.7335042905755067,KOMAINU
2026-10-02 12:58:00,T24rF_x0TmQ,[MV] ABM - 'ヤラララ' (YARARARA) feat. 重音テト,59566028,1.0,8070.0,8070.0,9745.285012854893,9463.86227200506,9745.285012854893,0.8280927637678074,ABM
2026-10-02 12:58:00,pRy8kStWlAw,'ヤラララ' (YARARARA) ／Cover -しゆん×ばぁう,1708533,1.0,126.0,126.0,200.1086641064824,164.83658014379998,200.1086641064824,0.6296578939378283,ShiyunBaau
2026-10-02 12:58:00,xJQ6KrmdpD0,【以心伝心】新人歌い手グループが『ヤラララ』を本気で歌ってみたら...【EL6】,2779573,1.0,948.0,948.0,1641.6772295688488,1280.7077832011366,1641.6772295688488,0.5774582134205344,EL6
2026-10-02 13:58:00,SnZvS3f5IrA,ヤラララ／Cover - KOMAINU.,3131182,1.0,467.0,467.0,573.6771209858479,518.6082775386968,573.6771209858479,0.8140467571679932,KOMAINU
2026-10-02 13:58:00,T24rF_x0TmQ,[MV] ABM - 'ヤラララ' (YARARARA) feat. 重音テト,59574726,1.0,8698.0,8698.0,9746.035012854893,9508.962974581173,9746.035012854893,0.8924654988954434,ABM
2026-10-02 13:58:00,pRy8kStWlAw,'ヤラララ' (YARARARA) ／Cover -しゆん×ばぁう,1708539,1.0,6.0,6.0,194.40033077314908,155.15508131476017,194.40033077314908,0.0308641450152755,ShiyunBaau
2026-10-02 13:58:00,xJQ6KrmdpD0,【以心伝心】新人歌い手グループが『ヤラララ』を本気で歌ってみたら...【EL6】,2780614,1.0,1041.0,1041.0,1632.3022295688488,1349.8904529903637,1632.3022295688488,0.6377495424208092,EL6
2026-10-02 14:58:00,SnZvS3f5IrA,ヤラララ／Cover - KOMAINU.,3131513,1.0,331.0,331.0,567.3021209858479,495.7245002989874,567.3021209858479,0.5834633570993775,KOMAINU
2026-10-02 14:58:00,T24rF_x0TmQ,[MV] ABM - 'ヤラララ' (YARARARA) feat. 重音テト,59580910,1.0,6184.0,6184.0,9644.743346188226,9061.931497583591,9644.743346188226,0.6411782852100493,ABM
2026-10-02 14:58:00,pRy8kStWlAw,'ヤラララ' (YARARARA) ／Cover -しゆん×ばぁう,1708770,1.0,231.0,231.0,197.2336641064824,172.1744517748086,197.2336641064824,1.1711996582656796,ShiyunBaau
2026-10-02 14:58:00,xJQ6KrmdpD0,【以心伝心】新人歌い手グループが『ヤラララ』を本気で歌ってみたら...【EL6】,2781534,1.0,920.0,920.0,1618.135562902182,1393.8613973002914,1618.135562902182,0.5685555778466101,EL6
2026-10-02 16:01:00,SnZvS3f5IrA,ヤラララ／Cover - KOMAINU.,3132051,1.05,538.0,512.3809523809524,573.1595240563656,505.2898179514722,573.1595240563656,0.8939587163356006,KOMAINU
2026-10-02 16:01:00,T24rF_x0TmQ,[MV] ABM - 'ヤラララ' (YARARARA) feat. 重音テト,59590459,1.05,9549.0,9094.285714285714,9760.311261879093,8963.536478559035,9760.311261879093,0.9317618537233868,ABM
2026-10-02 16:01:00,pRy8kStWlAw,'ヤラララ' (YARARARA) ／Cover -しゆん×ばぁう,1708954,1.05,184.0,175.23809523809524,199.65820222774187,171.78473656669146,199.65820222774187,0.8776904393750294,ShiyunBaau
2026-10-02 16:01:00,xJQ6KrmdpD0,【以心伝心】新人歌い手グループが『ヤラララ』を本気で歌ってみたら...【EL6】,2783040,1.05,1506.0,1434.2857142857142,1630.725336516546,1424.7157729488556,1630.725336516546,0.8795384987085233,EL6
2026-10-02 16:58:00,SnZvS3f5IrA,ヤラララ／Cover - KOMAINU.,3132415,0.95,364.0,383.1578947368421,569.1244363370673,490.0233275496434,569.1244363370673,0.6732409825922755,KOMAINU
2026-10-02 16:58:00,T24rF_x0TmQ,[MV] ABM - 'ヤラララ' (YARARARA) feat. 重音テト,59595803,0.95,5344.0,5625.263157894737,9685.62464614621,8546.252313475998,9685.62464614621,0.5807847571434599,ABM
2026-10-02 16:58:00,pRy8kStWlAw,'ヤラララ' (YARARARA) ／Cover -しゆん×ばぁう,1709070,0.95,116.0,122.10526315789474,199.0604376550197,165.57480239059186,199.0604376550197,0.6134079910419387,ShiyunBaau
2026-10-02 16:58:00,xJQ6KrmdpD0,【以心伝心】新人歌い手グループが『ヤラララ』を本気で歌ってみたら...【EL6】,2783983,0.95,943.0,992.6315789473684,1622.770469510321,1370.70524869867,1622.770469510321,0.6116894518341216,EL6
2026-10-02 17:58:00,SnZvS3f5IrA,ヤラララ／Cover - KOMAINU.,3132959,1.0,544.0,544.0,568.1194588835847,452.5055495882564,568.1194588835847,0.9575450928384288,KOMAINU
2026-10-02 17:58:00,T24rF_x0TmQ,[MV] ABM - 'ヤラララ' (YARARARA) feat. 重音テト,59604501,1.0,8698.0,8698.0,9646.119660300365,7967.935553168635,9646.119660300365,0.90170973472344,ABM
2026-10-02 17:58:00,pRy8kStWlAw,'ヤラララ' (YARARARA) ／Cover -しゆん×ばぁう,1709282,1.0,212.0,212.0,199.5780201488189,154.47762262799856,199.5780201488189,1.062241221963813,ShiyunBaau
2026-10-02 17:58:00,xJQ6KrmdpD0,【以心伝心】新人歌い手グループが『ヤラララ』を本気で歌ってみたら...【EL6】,2785823,1.0,1840.0,1840.0,1631.459650729908,1233.4167561761549,1631.459650729908,1.1278243989526753,EL6
2026-10-02 18:57:00,SnZvS3f5IrA,ヤラララ／Cover - KOMAINU.,3133792,0.9833333333333332,833.0,847.1186440677967,582.5990764411683,501.8321863981989,582.5990764411683,1.4540336198993955,KOMAINU
2026-10-02 18:57:00,T24rF_x0TmQ,[MV] ABM - 'ヤラララ' (YARARARA) feat. 重音テト,59617880,0.9833333333333332,13379.0,13605.762711864409,9905.63222005699,8672.663948005607,9905.63222005699,1.3735380447817724,ABM
2026-10-02 18:57:00,pRy8kStWlAw,'ヤラララ' (YARARARA) ／Cover -しゆん×ばぁう,1709645,0.9833333333333332,363.0,369.1525423728814,206.30309620270856,181.3119875961089,206.30309620270856,1.7893698600149015,ShiyunBaau
2026-10-02 18:57:00,xJQ6KrmdpD0,【以心伝心】新人歌い手グループが『ヤラララ』を本気で歌ってみたら...【EL6】,2788754,0.9833333333333332,2931.0,2980.677966101695,1692.348307835514,1451.8244074168472,1692.348307835514,1.7612674366743886,EL6
2026-10-02 19:57:00,SnZvS3f5IrA,ヤラララ／Cover - KOMAINU.,3134224,1.0,432.0,432.0,568.9990764411683,492.0821863981989,568.9990764411683,0.7592279458553157,KOMAINU
2026-10-02 19:57:00,T24rF_x0TmQ,[MV] ABM - 'ヤラララ' (YARARARA) feat. 重音テト,59625311,1.0,7431.0,7431.0,9750.31222005699,8425.788948005607,9750.31222005699,0.7621294408105186,ABM
2026-10-02 19:57:00,pRy8kStWlAw,'ヤラララ' (YARARARA) ／Cover -しゆん×ばぁう,1709864,1.0,219.0,219.0,201.7830962027085,182.5619875961089,201.7830962027085,1.0853238161238026,ShiyunBaau
2026-10-02 19:57:00,xJQ6KrmdpD0,【以心伝心】新人歌い手グループが『ヤラララ』を本気で歌ってみたら...【EL6】,2790577,1.0,1823.0,1823.0,1649.388307835514,1497.4494074168472,1649.388307835514,1.1052582289687234,EL6
2026-10-02 20:58:00,SnZvS3f5IrA,ヤラララ／Cover - KOMAINU.,3134671,1.0166666666666666,447.0,439.672131147541,561.4469786362225,498.4756603333047,561.4469786362225,0.7831053472146603,KOMAINU
2026-10-02 20:58:00,T24rF_x0TmQ,[MV] ABM - 'ヤラララ' (YARARARA) feat. 重音テト,59633469,1.0166666666666666,8158.0,8024.262295081968,9717.54711863993,8380.367697018117,9717.54711863993,0.8257497696810803,ABM
2026-10-02 20:58:00,pRy8kStWlAw,'ヤラララ' (YARARARA) ／Cover -しゆん×ばぁう,1710052,1.0166666666666666,188.0,184.91803278688525,199.37642768367547,216.20199050796523,199.37642768367547,0.9274819241935186,ShiyunBaau
2026-10-02 20:58:00,xJQ6KrmdpD0,【以心伝心】新人歌い手グループが『ヤラララ』を本気で歌ってみたら...【EL6】,2792674,1.0166666666666666,2097.0,2062.622950819672,1637.9678021394875,1721.88831573635,1637.9678021394875,1.2592573236943403,EL6
2026-10-02 22:01:00,SnZvS3f5IrA,ヤラララ／Cover - KOMAINU.,3135361,1.05,690.0,657.1428571428571,563.9687584957073,545.0674970679985,563.9687584957073,1.1652114540806766,KOMAINU
2026-10-02 22:01:00,T24rF_x0TmQ,[MV] ABM - 'ヤラララ' (YARARARA) feat. 重音テト,59645713,1.05,12244.0,11660.95238095238,9838.34586961573,9162.7894657256,9838.34586961573,1.1852553808832336,ABM
2026-10-02 22:01:00,pRy8kStWlAw,'ヤラララ' (YARARARA) ／Cover -しゆん×ばぁう,1710364,1.05,312.0,297.1428571428571,200.9146009857832,225.65097009980195,200.9146009857832,1.47895103534005,ShiyunBaau
2026-10-02 22:01:00,xJQ6KrmdpD0,【以心伝心】新人歌い手グループが『ヤラララ』を本気で歌ってみたら...【EL6】,2795388,1.05,2714.0,2584.7619047619046,1645.9090980020949,1959.7114449880503,1645.9090980020949,1.5704159530434862,EL6
2026-10-02 23:00:00,SnZvS3f5IrA,ヤラララ／Cover - KOMAINU.,3135990,0.9833333333333332,629.0,639.6610169491526,557.203606145264,556.8916870531427,557.203606145264,1.1479843452096967,KOMAINU
2026-10-02 23:00:00,T24rF_x0TmQ,[MV] ABM - 'ヤラララ' (YARARARA) feat. 重音テト,59657516,0.9833333333333332,11803.0,12003.050847457627,9733.659265941516,9517.822138442103,9733.659265941516,1.2331488620581583,ABM
2026-10-02 23:00:00,pRy8kStWlAw,'ヤラララ' (YARARARA) ／Cover -しゆん×ばぁう,1710692,0.9833333333333332,328.0,333.5593220338983,199.7394928247943,239.139514091564,199.7394928247943,1.669971808361839,ShiyunBaau
2026-10-02 23:00:00,xJQ6KrmdpD0,【以心伝心】新人歌い手グループが『ヤラララ』を本気で歌ってみたら...【EL6】,2798118,0.9833333333333332,2730.0,2776.2711864406783,1587.6454002205985,2061.781412669629,1587.6454002205985,1.7486720813444387,EL6
2026-10-03 00:00:00,SnZvS3f5IrA,ヤラララ／Cover - KOMAINU.,3136629,1.0,639.0,639.0,554.7608095350944,599.7992356153353,554.7608095350944,1.1518477675730203,KOMAINU
2026-10-03 00:00:00,T24rF_x0TmQ,[MV] ABM - 'ヤラララ' (YARARARA) feat. 重音テト,59670571,1.0,13055.0,13055.0,9824.48200605451,10639.718319336624,9824.48200605451,1.3288232389203447,ABM
2026-10-03 00:00:00,pRy8kStWlAw,'ヤラララ' (YARARARA) ／Cover -しゆん×ばぁう,1711013,1.0,321.0,321.0,201.20771316377736,276.6818220480746,201.20771316377736,1.5953662757387197,ShiyunBaau
2026-10-03 00:00:00,xJQ6KrmdpD0,【以心伝心】新人歌い手グループが『ヤラララ』を本気で歌ってみたら...【EL6】,2800639,1.0,2521.0,2521.0,1604.4667279042144,2369.762001160564,1604.4667279042144,1.5712385655344685,EL6
2026-10-03 00:59:00,SnZvS3f5IrA,ヤラララ／Cover - KOMAINU.,3137736,0.9833333333333332,1107.0,1125.7627118644068,565.959255862778,682.9081944531079,565.959255862778,1.989123245538648,KOMAINU
2026-10-03 00:59:00,T24rF_x0TmQ,[MV] ABM - 'ヤラララ' (YARARARA) feat. 重音テト,59689606,0.9833333333333332,19035.0,19357.627118644068,10081.508135998012,12162.522193428636,10081.508135998012,1.9201122349466588,ABM
2026-10-03 00:59:00,pRy8kStWlAw,'ヤラララ' (YARARARA) ／Cover -しゆん×ばぁう,1711406,0.9833333333333332,393.0,399.66101694915255,203.86025553665868,303.49053875509634,203.86025553665868,1.9604655939288005,ShiyunBaau
2026-10-03 00:59:00,xJQ6KrmdpD0,【以心伝心】新人歌い手グループが『ヤラララ』を本気で歌ってみたら...【EL6】,2803848,0.9833333333333332,3209.0,3263.389830508475,1630.3163041754008,2573.103405518918,1630.3163041754008,2.001691219152144,EL6
2026-10-03 01:58:00,SnZvS3f5IrA,ヤラララ／Cover - KOMAINU.,3138418,0.9833333333333332,682.0,693.5593220338983,571.0632585096229,660.9711484482651,571.0632585096229,1.2145052438568174,KOMAINU
2026-10-03 01:58:00,T24rF_x0TmQ,[MV] ABM - 'ヤラララ' (YARARARA) feat. 重音テト,59703290,0.9833333333333332,13684.0,13915.932203389832,10234.885098693689,12206.83212078941,10234.885098693689,1.3596569056907115,ABM
2026-10-03 01:58:00,pRy8kStWlAw,'ヤラララ' (YARARARA) ／Cover -しゆん×ばぁう,1711650,0.9833333333333332,244.0,248.135593220339,205.631269044006,286.2024031618761,205.631269044006,1.2067016576512837,ShiyunBaau
2026-10-03 01:58:00,xJQ6KrmdpD0,【以心伝心】新人歌い手グループが『ヤラララ』を本気で歌ってみたら...【EL6】,2805896,0.9833333333333332,2048.0,2082.71186440678,1648.412126584656,2444.822533848216,1648.412126584656,1.2634655076955474,EL6
2026-10-03 02:57:00,SnZvS3f5IrA,ヤラララ／Cover - KOMAINU.,3138823,0.9833333333333332,405.0,411.86440677966107,561.6578347808093,658.0946351310739,561.6578347808093,0.7333012757498414,KOMAINU
2026-10-03 02:57:00,T24rF_x0TmQ,[MV] ABM - 'ヤラララ' (YARARARA) feat. 重音テト,59712101,0.9833333333333332,8811.0,8960.338983050848,10137.89865801572,12425.3091183681,10137.89865801572,0.8838457835605003,ABM
2026-10-03 02:57:00,pRy8kStWlAw,'ヤラララ' (YARARARA) ／Cover -しゆん×ばぁう,1711799,0.9833333333333332,149.0,151.52542372881356,202.17228599315848,276.563177980278,202.17228599315848,0.7494866221868867,ShiyunBaau
2026-10-03 02:57:00,xJQ6KrmdpD0,【以心伝心】新人歌い手グループが『ヤラララ』を本気で歌ってみたら...【EL6】,2807005,0.9833333333333332,1109.0,1127.7966101694915,1627.8839909914357,2345.5077638724288,1627.8839909914357,0.6927991284456491,EL6
2026-10-03 04:00:00,SnZvS3f5IrA,ヤラララ／Cover - KOMAINU.,3139446,1.05,623.0,593.3333333333333,560.2824667855652,680.0462354433299,560.2824667855652,1.05898964987676,KOMAINU
2026-10-03 04:00:00,T24rF_x0TmQ,[MV] ABM - 'ヤラララ' (YARARARA) feat. 重音テト,59723702,1.05,11601.0,11048.571428571428,10107.376578290185,12857.353280295169,10107.376578290185,1.0931195986407445,ABM
2026-10-03 04:00:00,pRy8kStWlAw,'ヤラララ' (YARARARA) ／Cover -しゆん×ばぁう,1711974,1.05,175.0,166.66666666666666,201.91557568731784,273.95583996310387,201.91557568731784,0.8254274891837127,ShiyunBaau
2026-10-03 04:00:00,xJQ6KrmdpD0,【以心伝心】新人歌い手グループが『ヤラララ』を本気で歌ってみたら...【EL6】,2808324,1.05,1319.0,1256.190476190476,1626.0954271240153,2230.3031246396863,1626.0954271240153,0.772519530672459,EL6
2026-10-03 04:57:00,SnZvS3f5IrA,ヤラララ／Cover - KOMAINU.,3140135,0.95,689.0,725.2631578947369,564.8877299434599,685.6983507497557,564.8877299434599,1.2839067295147817,KOMAINU
2026-10-03 04:57:00,T24rF_x0TmQ,[MV] ABM - 'ヤラララ' (YARARARA) feat. 重音テト,59738216,0.95,14514.0,15277.894736842109,10282.025701097202,13159.920962363536,10282.025701097202,1.485883733514865,ABM
2026-10-03 04:57:00,pRy8kStWlAw,'ヤラララ' (YARARARA) ／Cover -しゆん×ばぁう,1712181,0.95,207.0,217.8947368421053,205.2050493715284,266.9482020729791,205.2050493715284,1.0618390605369652,ShiyunBaau
2026-10-03 04:57:00,xJQ6KrmdpD0,【以心伝心】新人歌い手グループが『ヤラララ』を本気で歌ってみたら...【EL6】,2809613,0.95,1289.0,1356.842105263158,1647.8936727380503,2121.1204972176206,1647.8936727380503,0.8233796437901865,EL6
2026-10-03 05:58:00,SnZvS3f5IrA,ヤラララ／Cover - KOMAINU.,3140629,1.0166666666666666,494.0,485.9016393442623,568.4533037139518,664.2931985249314,568.4533037139518,0.8547784596723361,KOMAINU
2026-10-03 05:58:00,T24rF_x0TmQ,[MV] ABM - 'ヤラララ' (YARARARA) feat. 重音テト,59748530,1.0166666666666666,10314.0,10144.918032786883,10376.328979785729,12970.416668842849,10376.328979785729,0.9776981871479156,ABM
2026-10-03 05:58:00,pRy8kStWlAw,'ヤラララ' (YARARARA) ／Cover -しゆん×ばぁう,1712293,1.0166666666666666,112.0,110.16393442622952,204.9591477321841,243.57583673340065,204.9591477321841,0.5374921570720935,ShiyunBaau
2026-10-03 05:58:00,xJQ6KrmdpD0,【以心伝心】新人歌い手グループが『ヤラララ』を本気で歌ってみたら...【EL6】,2810236,1.0166666666666666,623.0,612.7868852459017,1651.7051481478863,1874.62361977812,1651.7051481478863,0.3710025884057095,EL6
2026-10-03 06:56:00,SnZvS3f5IrA,ヤラララ／Cover - KOMAINU.,3141023,0.9666666666666668,394.0,407.5862068965517,562.0186198412558,635.2838472683563,562.0186198412558,0.7252183335343515,KOMAINU
2026-10-03 06:56:00,T24rF_x0TmQ,[MV] ABM - 'ヤラララ' (YARARARA) feat. 重音テト,59757646,0.9666666666666668,9116.0,9430.344827586208,10338.489613697746,12648.82841635892,10338.489613697746,0.91215885298097,ABM
2026-10-03 06:56:00,pRy8kStWlAw,'ヤラララ' (YARARARA) ／Cover -しゆん×ばぁう,1712385,0.9666666666666668,92.0,95.17241379310344,200.56767837462087,213.77747320330127,200.56767837462087,0.4745152088530443,ShiyunBaau
2026-10-03 06:56:00,xJQ6KrmdpD0,【以心伝心】新人歌い手グループが『ヤラララ』を本気で歌ってみたら...【EL6】,2810649,0.9666666666666668,413.0,427.2413793103448,1602.7265973943847,1580.9948938868283,1602.7265973943847,0.2665715911902428,EL6
2026-10-03 07:57:00,SnZvS3f5IrA,ヤラララ／Cover - KOMAINU.,3141468,1.0166666666666666,445.0,437.7049180327869,560.2158622790704,610.1219620224547,560.2158622790704,0.7813147529456156,KOMAINU
2026-10-03 07:57:00,T24rF_x0TmQ,[MV] ABM - 'ヤラララ' (YARARARA) feat. 重音テト,59768299,1.0166666666666666,10653.0,10478.360655737706,10468.545232384628,12326.748498326137,10468.545232384628,1.000937611018073,ABM
2026-10-03 07:57:00,pRy8kStWlAw,'ヤラララ' (YARARARA) ／Cover -しゆん×ばぁう,1712489,1.0166666666666666,104.0,102.29508196721312,205.4521726145748,186.4393584492029,205.4521726145748,0.4979021670367884,ShiyunBaau
2026-10-03 07:57:00,xJQ6KrmdpD0,【以心伝心】新人歌い手グループが『ヤラララ』を本気で歌ってみたら...【EL6】,2811267,1.0166666666666666,618.0,607.8688524590165,1646.12954525053,1341.853500444205,1646.12954525053,0.3692715765978812,EL6
2026-10-03 08:55:00,SnZvS3f5IrA,ヤラララ／Cover - KOMAINU.,3141896,0.9666666666666668,428.0,442.7586206896552,555.5175726154938,524.7464506256107,555.5175726154938,0.7970200089351887,KOMAINU
2026-10-03 08:55:00,T24rF_x0TmQ,[MV] ABM - 'ヤラララ' (YARARARA) feat. 重音テト,59776930,0.9666666666666668,8631.0,8928.620689655172,10406.94825067545,11023.122694702522,10406.94825067545,0.8579480242035095,ABM
2026-10-03 08:55:00,pRy8kStWlAw,'ヤラララ' (YARARARA) ／Cover -しゆん×ばぁう,1712584,0.9666666666666668,95.0,98.27586206896552,201.16512019275044,148.76621408917953,201.16512019275044,0.4885333102219734,ShiyunBaau
2026-10-03 08:55:00,xJQ6KrmdpD0,【以心伝心】新人歌い手グループが『ヤラララ』を本気で歌ってみたら...【EL6】,2812027,0.9666666666666668,760.0,786.2068965517242,1611.7326393025776,1032.2056336996116,1611.7326393025776,0.4878023050348651,EL6
2026-10-03 10:00:00,SnZvS3f5IrA,ヤラララ／Cover - KOMAINU.,3142406,1.0833333333333333,510.0,470.7692307692308,556.5313926937207,509.0453009943653,556.5313926937207,0.8458987883695396,KOMAINU
2026-10-03 10:00:00,T24rF_x0TmQ,[MV] ABM - 'ヤラララ' (YARARARA) feat. 重音テト,59788281,1.0833333333333333,11351.0,10477.846153846154,10434.740062930992,10826.650932146524,10434.740062930992,1.0041310172227764,ABM
2026-10-03 10:00:00,pRy8kStWlAw,'ヤラララ' (YARARARA) ／Cover -しゆん×ばぁう,1712804,1.0833333333333333,220.0,203.0769230769231,202.1695530480308,141.93508840588666,202.1695530480308,1.0044881635993763,ShiyunBaau
2026-10-03 10:00:00,xJQ6KrmdpD0,【以心伝心】新人歌い手グループが『ヤラララ』を本気で歌ってみたら...【EL6】,2813596,1.0833333333333333,1569.0,1448.3076923076924,1620.9327436050548,927.9206124754734,1620.9327436050548,0.8935026440927872,EL6
2026-10-03 10:56:00,SnZvS3f5IrA,ヤラララ／Cover - KOMAINU.,3142936,0.9333333333333332,530.0,567.8571428571429,553.9902937926219,516.3967812272125,553.9902937926219,1.0250308520201472,KOMAINU
2026-10-03 10:56:00,T24rF_x0TmQ,[MV] ABM - 'ヤラララ' (YARARARA) feat. 重音テト,59800847,0.9333333333333332,12566.0,13463.571428571428,10573.036766227697,11156.265994199635,10573.036766227697,1.273387365073453,ABM
2026-10-03 10:56:00,pRy8kStWlAw,'ヤラララ' (YARARARA) ／Cover -しゆん×ばぁう,1713021,0.9333333333333332,217.0,232.5,202.01724535572305,153.25570235515085,202.01724535572305,1.1508918438651177,ShiyunBaau
2026-10-03 10:56:00,xJQ6KrmdpD0,【以心伝心】新人歌い手グループが『ヤラララ』を本気で歌ってみたら...【EL6】,2815445,0.9333333333333332,1849.0,1981.0714285714284,1615.9171392094504,1059.5644644874678,1615.9171392094504,1.2259733995646716,EL6
2026-10-03 12:08:00,SnZvS3f5IrA,ヤラララ／Cover - KOMAINU.,3143575,1.2,639.0,532.5,550.2914244550337,477.8682512270899,550.2914244550337,0.967669086479672,KOMAINU
2026-10-03 12:08:00,T24rF_x0TmQ,[MV] ABM - 'ヤラララ' (YARARARA) feat. 重音テト,59815251,1.2,14404.0,12003.333333333334,10651.539029148,10703.856445930984,10651.539029148,1.126910702808875,ABM
2026-10-03 12:08:00,pRy8kStWlAw,'ヤラララ' (YARARARA) ／Cover -しゆん×ばぁう,1713263,1.2,242.0,201.66666666666669,201.0062680057788,149.0215545713002,201.0062680057788,1.0032854630228194,ShiyunBaau
2026-10-03 12:08:00,xJQ6KrmdpD0,【以心伝心】新人歌い手グループが『ヤラララ』を本気で歌ってみたら...【EL6】,2817560,1.2,2115.0,1762.5,1609.8818884308969,1089.4261620637296,1609.8818884308969,1.0948008128210298,EL6
2026-10-03 13:06:00,SnZvS3f5IrA,ヤラララ／Cover - KOMAINU.,3143730,0.9666666666666668,155.0,160.3448275862069,539.4724589377923,431.3601352616535,539.4724589377923,0.2972252335215069,KOMAINU
2026-10-03 13:06:00,T24rF_x0TmQ,[MV] ABM - 'ヤラララ' (YARARARA) feat. 重音テト,59827325,0.9666666666666668,12074.0,12490.344827586208,10835.72006363076,11038.9174166166,10835.72006363076,1.1527009515047426,ABM
2026-10-03 13:06:00,pRy8kStWlAw,'ヤラララ' (YARARARA) ／Cover -しゆん×ばぁう,1713467,0.9666666666666668,204.0,211.0344827586207,204.54937145405464,163.43163290449894,204.54937145405464,1.0317043814824076,ShiyunBaau
2026-10-03 13:06:00,xJQ6KrmdpD0,【以心伝心】新人歌い手グループが『ヤラララ』を本気で歌ってみたら...【EL6】,2819343,0.9666666666666668,1783.0,1844.4827586206893,1647.2353367067587,1265.3827154029852,1647.2353367067587,1.1197445304374531,EL6
2026-10-03 13:57:00,SnZvS3f5IrA,ヤラララ／Cover - KOMAINU.,3144232,0.85,502.0,590.5882352941177,541.5170899920453,457.5032821755916,541.5170899920453,1.0906179070041784,KOMAINU
2026-10-03 13:57:00,T24rF_x0TmQ,[MV] ABM - 'ヤラララ' (YARARARA) feat. 重音テト,59837873,0.85,10548.0,12409.411764705885,10898.667731673764,11464.4984076337,10898.667731673764,1.1386173127052572,ABM
2026-10-03 13:57:00,pRy8kStWlAw,'ヤラララ' (YARARARA) ／Cover -しゆん×ばぁう,1713674,0.85,207.0,243.52941176470588,206.1085730664807,184.625489757585,206.1085730664807,1.1815588655118925,ShiyunBaau
2026-10-03 13:57:00,xJQ6KrmdpD0,【以心伝心】新人歌い手グループが『ヤラララ』を本気で歌ってみたら...【EL6】,2820943,0.85,1600.0,1882.3529411764707,1656.640040885547,1473.2557956695746,1656.640040885547,1.1362474011978307,EL6
