timestamp,videoId,title,views
2026-09-05 03:21,T24rF_x0TmQ,[MV] ABM - 'ヤラララ' (YARARARA) feat. 重音テト,52717827
2026-09-05 03:21,xJQ6KrmdpD0,【以心伝心】新人歌い手グループが『ヤラララ』を本気で歌ってみたら...【EL6】,1551545
2026-09-05 03:21,pRy8kStWlAw,'ヤラララ' (YARARARA) ／Cover -しゆん×ばぁう,1541672
2026-09-05 03:21,SnZvS3f5IrA,ヤラララ／Cover - KOMAINU.,2707912
2026-09-05 03:21,T24rF_x0TmQ,[MV] ABM - 'ヤラララ' (YARARARA) feat. 重音テト,52717827
2026-09-05 03:21,xJQ6KrmdpD0,【以心伝心】新人歌い手グループが『ヤラララ』を本気で歌ってみたら...【EL6】,1551545
2026-09-05 03:21,pRy8kStWlAw,'ヤラララ' (YARARARA) ／Cover -しゆん×ばぁう,1541672
2026-09-05 03:21,SnZvS3f5IrA,ヤラララ／Cover - KOMAINU.,2707912
2026-09-05 03:28,T24rF_x0TmQ,[MV] ABM - 'ヤラララ' (YARARARA) feat. 重音テト,52718926
2026-09-05 03:28,xJQ6KrmdpD0,【以心伝心】新人歌い手グループが『ヤラララ』を本気で歌ってみたら...【EL6】,1551647
2026-09-05 03:28,pRy8kStWlAw,'ヤラララ' (YARARARA) ／Cover -しゆん×ばぁう,1541698
2026-09-05 03:28,SnZvS3f5IrA,ヤラララ／Cover - KOMAINU.,2707967
2026-09-05 04:10,T24rF_x0TmQ,[MV] ABM - 'ヤラララ' (YARARARA) feat. 重音テト,52730951
2026-09-05 04:10,xJQ6KrmdpD0,【以心伝心】新人歌い手グループが『ヤラララ』を本気で歌ってみたら...【EL6】,1552748
2026-09-05 04:10,pRy8kStWlAw,'ヤラララ' (YARARARA) ／Cover -しゆん×ばぁう,1541868
2026-09-05 04:10,SnZvS3f5IrA,ヤラララ／Cover - KOMAINU.,2708505
